"TIME","GEO","AGE","SEX","INDIC_IL","UNIT","Value","Flag and Footnotes"
"2015","Austria","Total","Total","Median equivalised net income","Euro","23,260",""
"2015","Austria","Less than 6 years","Total","Median equivalised net income","Euro","19,682",""
"2015","Austria","From 6 to 10 years","Total","Median equivalised net income","Euro",":",""
"2015","Austria","From 6 to 11 years","Total","Median equivalised net income","Euro","20,551",""
"2015","Austria","From 11 to 15 years","Total","Median equivalised net income","Euro",":",""
"2015","Austria","From 12 to 17 years","Total","Median equivalised net income","Euro","20,644",""
"2015","Austria","Less than 16 years","Total","Median equivalised net income","Euro","20,273",""
"2015","Austria","From 16 to 24 years","Total","Median equivalised net income","Euro","22,600",""
"2015","Austria","From 16 to 64 years","Total","Median equivalised net income","Euro","24,420",""
"2015","Austria","16 years or over","Total","Median equivalised net income","Euro","23,982",""
"2015","Austria","Less than 18 years","Total","Median equivalised net income","Euro","20,444",""
"2015","Austria","From 18 to 24 years","Total","Median equivalised net income","Euro","22,830",""
"2015","Austria","From 18 to 64 years","Total","Median equivalised net income","Euro","24,586",""
"2015","Austria","18 years or over","Total","Median equivalised net income","Euro","24,123",""
"2015","Austria","From 25 to 49 years","Total","Median equivalised net income","Euro","23,570",""
"2015","Austria","From 25 to 54 years","Total","Median equivalised net income","Euro","24,462",""
"2015","Austria","From 50 to 64 years","Total","Median equivalised net income","Euro","26,644",""
"2015","Austria","From 55 to 64 years","Total","Median equivalised net income","Euro","26,164",""
"2015","Austria","Less than 60 years","Total","Median equivalised net income","Euro","23,342",""
"2015","Austria","60 years or over","Total","Median equivalised net income","Euro","23,147",""
"2015","Austria","Less than 65 years","Total","Median equivalised net income","Euro","23,410",""
"2015","Austria","From 65 to 74 years","Total","Median equivalised net income","Euro",":",""
"2015","Austria","65 years or over","Total","Median equivalised net income","Euro","22,839",""
"2015","Austria","Less than 75 years","Total","Median equivalised net income","Euro","23,456",""
"2015","Austria","75 years or over","Total","Median equivalised net income","Euro","21,373",""
"2015","Belgium","Total","Total","Median equivalised net income","Euro","21,654",""
"2015","Belgium","Less than 6 years","Total","Median equivalised net income","Euro","22,185",""
"2015","Belgium","From 6 to 10 years","Total","Median equivalised net income","Euro",":",""
"2015","Belgium","From 6 to 11 years","Total","Median equivalised net income","Euro","21,412",""
"2015","Belgium","From 11 to 15 years","Total","Median equivalised net income","Euro",":",""
"2015","Belgium","From 12 to 17 years","Total","Median equivalised net income","Euro","19,467",""
"2015","Belgium","Less than 16 years","Total","Median equivalised net income","Euro","21,343",""
"2015","Belgium","From 16 to 24 years","Total","Median equivalised net income","Euro","20,444",""
"2015","Belgium","From 16 to 64 years","Total","Median equivalised net income","Euro","23,208",""
"2015","Belgium","16 years or over","Total","Median equivalised net income","Euro","21,779",""
"2015","Belgium","Less than 18 years","Total","Median equivalised net income","Euro","20,992",""
"2015","Belgium","From 18 to 24 years","Total","Median equivalised net income","Euro","21,150",""
"2015","Belgium","From 18 to 64 years","Total","Median equivalised net income","Euro","23,405",""
"2015","Belgium","18 years or over","Total","Median equivalised net income","Euro","21,867",""
"2015","Belgium","From 25 to 49 years","Total","Median equivalised net income","Euro","23,926",""
"2015","Belgium","From 25 to 54 years","Total","Median equivalised net income","Euro","24,072",""
"2015","Belgium","From 50 to 64 years","Total","Median equivalised net income","Euro","23,843",""
"2015","Belgium","From 55 to 64 years","Total","Median equivalised net income","Euro","23,292",""
"2015","Belgium","Less than 60 years","Total","Median equivalised net income","Euro","22,896",""
"2015","Belgium","60 years or over","Total","Median equivalised net income","Euro","18,594",""
"2015","Belgium","Less than 65 years","Total","Median equivalised net income","Euro","22,792",""
"2015","Belgium","From 65 to 74 years","Total","Median equivalised net income","Euro",":",""
"2015","Belgium","65 years or over","Total","Median equivalised net income","Euro","17,894",""
"2015","Belgium","Less than 75 years","Total","Median equivalised net income","Euro","22,285",""
"2015","Belgium","75 years or over","Total","Median equivalised net income","Euro","16,773",""
"2015","Bulgaria","Total","Total","Median equivalised net income","Euro","3,332",""
"2015","Bulgaria","Less than 6 years","Total","Median equivalised net income","Euro","3,327",""
"2015","Bulgaria","From 6 to 10 years","Total","Median equivalised net income","Euro",":",""
"2015","Bulgaria","From 6 to 11 years","Total","Median equivalised net income","Euro","3,222",""
"2015","Bulgaria","From 11 to 15 years","Total","Median equivalised net income","Euro",":",""
"2015","Bulgaria","From 12 to 17 years","Total","Median equivalised net income","Euro","2,991",""
"2015","Bulgaria","Less than 16 years","Total","Median equivalised net income","Euro","3,221",""
"2015","Bulgaria","From 16 to 24 years","Total","Median equivalised net income","Euro","3,226",""
"2015","Bulgaria","From 16 to 64 years","Total","Median equivalised net income","Euro","3,679",""
"2015","Bulgaria","16 years or over","Total","Median equivalised net income","Euro","3,358",""
"2015","Bulgaria","Less than 18 years","Total","Median equivalised net income","Euro","3,158",""
"2015","Bulgaria","From 18 to 24 years","Total","Median equivalised net income","Euro","3,323",""
"2015","Bulgaria","From 18 to 64 years","Total","Median equivalised net income","Euro","3,711",""
"2015","Bulgaria","18 years or over","Total","Median equivalised net income","Euro","3,375",""
"2015","Bulgaria","From 25 to 49 years","Total","Median equivalised net income","Euro","3,715",""
"2015","Bulgaria","From 25 to 54 years","Total","Median equivalised net income","Euro","3,764",""
"2015","Bulgaria","From 50 to 64 years","Total","Median equivalised net income","Euro","3,832",""
"2015","Bulgaria","From 55 to 64 years","Total","Median equivalised net income","Euro","3,742",""
"2015","Bulgaria","Less than 60 years","Total","Median equivalised net income","Euro","3,604",""
"2015","Bulgaria","60 years or over","Total","Median equivalised net income","Euro","2,700",""
"2015","Bulgaria","Less than 65 years","Total","Median equivalised net income","Euro","3,600",""
"2015","Bulgaria","From 65 to 74 years","Total","Median equivalised net income","Euro",":",""
"2015","Bulgaria","65 years or over","Total","Median equivalised net income","Euro","2,562",""
"2015","Bulgaria","Less than 75 years","Total","Median equivalised net income","Euro","3,468",""
"2015","Bulgaria","75 years or over","Total","Median equivalised net income","Euro","2,303",""
"2015","Switzerland","Total","Total","Median equivalised net income","Euro","39,586",""
"2015","Switzerland","Less than 6 years","Total","Median equivalised net income","Euro","35,604",""
"2015","Switzerland","From 6 to 10 years","Total","Median equivalised net income","Euro",":",""
"2015","Switzerland","From 6 to 11 years","Total","Median equivalised net income","Euro","34,673",""
"2015","Switzerland","From 11 to 15 years","Total","Median equivalised net income","Euro",":",""
"2015","Switzerland","From 12 to 17 years","Total","Median equivalised net income","Euro","35,639",""
"2015","Switzerland","Less than 16 years","Total","Median equivalised net income","Euro","35,007",""
"2015","Switzerland","From 16 to 24 years","Total","Median equivalised net income","Euro","38,195",""
"2015","Switzerland","From 16 to 64 years","Total","Median equivalised net income","Euro","42,082",""
"2015","Switzerland","16 years or over","Total","Median equivalised net income","Euro","40,376",""
"2015","Switzerland","Less than 18 years","Total","Median equivalised net income","Euro","35,267",""
"2015","Switzerland","From 18 to 24 years","Total","Median equivalised net income","Euro","38,234",""
"2015","Switzerland","From 18 to 64 years","Total","Median equivalised net income","Euro","42,216",""
"2015","Switzerland","18 years or over","Total","Median equivalised net income","Euro","40,448",""
"2015","Switzerland","From 25 to 49 years","Total","Median equivalised net income","Euro","42,072",""
"2015","Switzerland","From 25 to 54 years","Total","Median equivalised net income","Euro","42,571",""
"2015","Switzerland","From 50 to 64 years","Total","Median equivalised net income","Euro","45,059",""
"2015","Switzerland","From 55 to 64 years","Total","Median equivalised net income","Euro","45,366",""
"2015","Switzerland","Less than 60 years","Total","Median equivalised net income","Euro","40,518",""
"2015","Switzerland","60 years or over","Total","Median equivalised net income","Euro","35,776",""
"2015","Switzerland","Less than 65 years","Total","Median equivalised net income","Euro","40,644",""
"2015","Switzerland","From 65 to 74 years","Total","Median equivalised net income","Euro",":",""
"2015","Switzerland","65 years or over","Total","Median equivalised net income","Euro","33,891",""
"2015","Switzerland","Less than 75 years","Total","Median equivalised net income","Euro","40,187",""
"2015","Switzerland","75 years or over","Total","Median equivalised net income","Euro","30,233",""
"2015","Cyprus","Total","Total","Median equivalised net income","Euro","13,793",""
"2015","Cyprus","Less than 6 years","Total","Median equivalised net income","Euro","13,570",""
"2015","Cyprus","From 6 to 10 years","Total","Median equivalised net income","Euro",":",""
"2015","Cyprus","From 6 to 11 years","Total","Median equivalised net income","Euro","13,593",""
"2015","Cyprus","From 11 to 15 years","Total","Median equivalised net income","Euro",":",""
"2015","Cyprus","From 12 to 17 years","Total","Median equivalised net income","Euro","13,051",""
"2015","Cyprus","Less than 16 years","Total","Median equivalised net income","Euro","13,447",""
"2015","Cyprus","From 16 to 24 years","Total","Median equivalised net income","Euro","12,922",""
"2015","Cyprus","From 16 to 64 years","Total","Median equivalised net income","Euro","14,383",""
"2015","Cyprus","16 years or over","Total","Median equivalised net income","Euro","13,884",""
"2015","Cyprus","Less than 18 years","Total","Median equivalised net income","Euro","13,406",""
"2015","Cyprus","From 18 to 24 years","Total","Median equivalised net income","Euro","12,802",""
"2015","Cyprus","From 18 to 64 years","Total","Median equivalised net income","Euro","14,419",""
"2015","Cyprus","18 years or over","Total","Median equivalised net income","Euro","13,932",""
"2015","Cyprus","From 25 to 49 years","Total","Median equivalised net income","Euro","14,486",""
"2015","Cyprus","From 25 to 54 years","Total","Median equivalised net income","Euro","14,580",""
"2015","Cyprus","From 50 to 64 years","Total","Median equivalised net income","Euro","15,291",""
"2015","Cyprus","From 55 to 64 years","Total","Median equivalised net income","Euro","15,497",""
"2015","Cyprus","Less than 60 years","Total","Median equivalised net income","Euro","14,101",""
"2015","Cyprus","60 years or over","Total","Median equivalised net income","Euro","12,399",""
"2015","Cyprus","Less than 65 years","Total","Median equivalised net income","Euro","14,211",""
"2015","Cyprus","From 65 to 74 years","Total","Median equivalised net income","Euro",":",""
"2015","Cyprus","65 years or over","Total","Median equivalised net income","Euro","11,407",""
"2015","Cyprus","Less than 75 years","Total","Median equivalised net income","Euro","14,149",""
"2015","Cyprus","75 years or over","Total","Median equivalised net income","Euro","10,099",""
"2015","Czech Republic","Total","Total","Median equivalised net income","Euro","7,423",""
"2015","Czech Republic","Less than 6 years","Total","Median equivalised net income","Euro","7,364",""
"2015","Czech Republic","From 6 to 10 years","Total","Median equivalised net income","Euro",":",""
"2015","Czech Republic","From 6 to 11 years","Total","Median equivalised net income","Euro","7,322",""
"2015","Czech Republic","From 11 to 15 years","Total","Median equivalised net income","Euro",":",""
"2015","Czech Republic","From 12 to 17 years","Total","Median equivalised net income","Euro","6,865",""
"2015","Czech Republic","Less than 16 years","Total","Median equivalised net income","Euro","7,247",""
"2015","Czech Republic","From 16 to 24 years","Total","Median equivalised net income","Euro","7,268",""
"2015","Czech Republic","From 16 to 64 years","Total","Median equivalised net income","Euro","7,919",""
"2015","Czech Republic","16 years or over","Total","Median equivalised net income","Euro","7,450",""
"2015","Czech Republic","Less than 18 years","Total","Median equivalised net income","Euro","7,190",""
"2015","Czech Republic","From 18 to 24 years","Total","Median equivalised net income","Euro","7,435",""
"2015","Czech Republic","From 18 to 64 years","Total","Median equivalised net income","Euro","7,965",""
"2015","Czech Republic","18 years or over","Total","Median equivalised net income","Euro","7,468",""
"2015","Czech Republic","From 25 to 49 years","Total","Median equivalised net income","Euro","8,089",""
"2015","Czech Republic","From 25 to 54 years","Total","Median equivalised net income","Euro","8,166",""
"2015","Czech Republic","From 50 to 64 years","Total","Median equivalised net income","Euro","8,016",""
"2015","Czech Republic","From 55 to 64 years","Total","Median equivalised net income","Euro","7,760",""
"2015","Czech Republic","Less than 60 years","Total","Median equivalised net income","Euro","7,841",""
"2015","Czech Republic","60 years or over","Total","Median equivalised net income","Euro","6,516",""
"2015","Czech Republic","Less than 65 years","Total","Median equivalised net income","Euro","7,791",""
"2015","Czech Republic","From 65 to 74 years","Total","Median equivalised net income","Euro",":",""
"2015","Czech Republic","65 years or over","Total","Median equivalised net income","Euro","6,342",""
"2015","Czech Republic","Less than 75 years","Total","Median equivalised net income","Euro","7,559",""
"2015","Czech Republic","75 years or over","Total","Median equivalised net income","Euro","6,020",""
"2015","Germany (until 1990 former territory of the FRG)","Total","Total","Median equivalised net income","Euro","20,668",""
"2015","Germany (until 1990 former territory of the FRG)","Less than 6 years","Total","Median equivalised net income","Euro","20,031",""
"2015","Germany (until 1990 former territory of the FRG)","From 6 to 10 years","Total","Median equivalised net income","Euro",":",""
"2015","Germany (until 1990 former territory of the FRG)","From 6 to 11 years","Total","Median equivalised net income","Euro","20,287",""
"2015","Germany (until 1990 former territory of the FRG)","From 11 to 15 years","Total","Median equivalised net income","Euro",":",""
"2015","Germany (until 1990 former territory of the FRG)","From 12 to 17 years","Total","Median equivalised net income","Euro","19,447",""
"2015","Germany (until 1990 former territory of the FRG)","Less than 16 years","Total","Median equivalised net income","Euro","19,916",""
"2015","Germany (until 1990 former territory of the FRG)","From 16 to 24 years","Total","Median equivalised net income","Euro","19,954",""
"2015","Germany (until 1990 former territory of the FRG)","From 16 to 64 years","Total","Median equivalised net income","Euro","21,805",""
"2015","Germany (until 1990 former territory of the FRG)","16 years or over","Total","Median equivalised net income","Euro","20,829",""
"2015","Germany (until 1990 former territory of the FRG)","Less than 18 years","Total","Median equivalised net income","Euro","19,954",""
"2015","Germany (until 1990 former territory of the FRG)","From 18 to 24 years","Total","Median equivalised net income","Euro","19,829",""
"2015","Germany (until 1990 former territory of the FRG)","From 18 to 64 years","Total","Median equivalised net income","Euro","21,937",""
"2015","Germany (until 1990 former territory of the FRG)","18 years or over","Total","Median equivalised net income","Euro","20,852",""
"2015","Germany (until 1990 former territory of the FRG)","From 25 to 49 years","Total","Median equivalised net income","Euro","22,197",""
"2015","Germany (until 1990 former territory of the FRG)","From 25 to 54 years","Total","Median equivalised net income","Euro","22,474",""
"2015","Germany (until 1990 former territory of the FRG)","From 50 to 64 years","Total","Median equivalised net income","Euro","22,404",""
"2015","Germany (until 1990 former territory of the FRG)","From 55 to 64 years","Total","Median equivalised net income","Euro","21,347",""
"2015","Germany (until 1990 former territory of the FRG)","Less than 60 years","Total","Median equivalised net income","Euro","21,503",""
"2015","Germany (until 1990 former territory of the FRG)","60 years or over","Total","Median equivalised net income","Euro","18,761",""
"2015","Germany (until 1990 former territory of the FRG)","Less than 65 years","Total","Median equivalised net income","Euro","21,380",""
"2015","Germany (until 1990 former territory of the FRG)","From 65 to 74 years","Total","Median equivalised net income","Euro",":",""
"2015","Germany (until 1990 former territory of the FRG)","65 years or over","Total","Median equivalised net income","Euro","18,609",""
"2015","Germany (until 1990 former territory of the FRG)","Less than 75 years","Total","Median equivalised net income","Euro","20,974",""
"2015","Germany (until 1990 former territory of the FRG)","75 years or over","Total","Median equivalised net income","Euro","18,719",""
"2015","Denmark","Total","Total","Median equivalised net income","Euro","28,364",""
"2015","Denmark","Less than 6 years","Total","Median equivalised net income","Euro","30,335",""
"2015","Denmark","From 6 to 10 years","Total","Median equivalised net income","Euro",":",""
"2015","Denmark","From 6 to 11 years","Total","Median equivalised net income","Euro","29,403",""
"2015","Denmark","From 11 to 15 years","Total","Median equivalised net income","Euro",":",""
"2015","Denmark","From 12 to 17 years","Total","Median equivalised net income","Euro","27,000",""
"2015","Denmark","Less than 16 years","Total","Median equivalised net income","Euro","28,933",""
"2015","Denmark","From 16 to 24 years","Total","Median equivalised net income","Euro","23,049",""
"2015","Denmark","From 16 to 64 years","Total","Median equivalised net income","Euro","30,079",""
"2015","Denmark","16 years or over","Total","Median equivalised net income","Euro","28,185",""
"2015","Denmark","Less than 18 years","Total","Median equivalised net income","Euro","28,776",""
"2015","Denmark","From 18 to 24 years","Total","Median equivalised net income","Euro","20,920",""
"2015","Denmark","From 18 to 64 years","Total","Median equivalised net income","Euro","30,185",""
"2015","Denmark","18 years or over","Total","Median equivalised net income","Euro","28,195",""
"2015","Denmark","From 25 to 49 years","Total","Median equivalised net income","Euro","30,430",""
"2015","Denmark","From 25 to 54 years","Total","Median equivalised net income","Euro","31,011",""
"2015","Denmark","From 50 to 64 years","Total","Median equivalised net income","Euro","34,032",""
"2015","Denmark","From 55 to 64 years","Total","Median equivalised net income","Euro","33,417",""
"2015","Denmark","Less than 60 years","Total","Median equivalised net income","Euro","29,680",""
"2015","Denmark","60 years or over","Total","Median equivalised net income","Euro","24,504",""
"2015","Denmark","Less than 65 years","Total","Median equivalised net income","Euro","29,821",""
"2015","Denmark","From 65 to 74 years","Total","Median equivalised net income","Euro",":",""
"2015","Denmark","65 years or over","Total","Median equivalised net income","Euro","22,943",""
"2015","Denmark","Less than 75 years","Total","Median equivalised net income","Euro","28,974",""
"2015","Denmark","75 years or over","Total","Median equivalised net income","Euro","21,182",""
"2015","Estonia","Total","Total","Median equivalised net income","Euro","7,889",""
"2015","Estonia","Less than 6 years","Total","Median equivalised net income","Euro","8,314",""
"2015","Estonia","From 6 to 10 years","Total","Median equivalised net income","Euro",":",""
"2015","Estonia","From 6 to 11 years","Total","Median equivalised net income","Euro","8,471",""
"2015","Estonia","From 11 to 15 years","Total","Median equivalised net income","Euro",":",""
"2015","Estonia","From 12 to 17 years","Total","Median equivalised net income","Euro","7,697",""
"2015","Estonia","Less than 16 years","Total","Median equivalised net income","Euro","8,282",""
"2015","Estonia","From 16 to 24 years","Total","Median equivalised net income","Euro","7,882",""
"2015","Estonia","From 16 to 64 years","Total","Median equivalised net income","Euro","8,965",""
"2015","Estonia","16 years or over","Total","Median equivalised net income","Euro","7,827",""
"2015","Estonia","Less than 18 years","Total","Median equivalised net income","Euro","8,175",""
"2015","Estonia","From 18 to 24 years","Total","Median equivalised net income","Euro","8,142",""
"2015","Estonia","From 18 to 64 years","Total","Median equivalised net income","Euro","9,011",""
"2015","Estonia","18 years or over","Total","Median equivalised net income","Euro","7,839",""
"2015","Estonia","From 25 to 49 years","Total","Median equivalised net income","Euro","9,362",""
"2015","Estonia","From 25 to 54 years","Total","Median equivalised net income","Euro","9,340",""
"2015","Estonia","From 50 to 64 years","Total","Median equivalised net income","Euro","8,736",""
"2015","Estonia","From 55 to 64 years","Total","Median equivalised net income","Euro","8,276",""
"2015","Estonia","Less than 60 years","Total","Median equivalised net income","Euro","8,903",""
"2015","Estonia","60 years or over","Total","Median equivalised net income","Euro","5,695",""
"2015","Estonia","Less than 65 years","Total","Median equivalised net income","Euro","8,846",""
"2015","Estonia","From 65 to 74 years","Total","Median equivalised net income","Euro",":",""
"2015","Estonia","65 years or over","Total","Median equivalised net income","Euro","5,452",""
"2015","Estonia","Less than 75 years","Total","Median equivalised net income","Euro","8,338",""
"2015","Estonia","75 years or over","Total","Median equivalised net income","Euro","4,994",""
"2015","Greece","Total","Total","Median equivalised net income","Euro","7,520",""
"2015","Greece","Less than 6 years","Total","Median equivalised net income","Euro","7,167",""
"2015","Greece","From 6 to 10 years","Total","Median equivalised net income","Euro",":",""
"2015","Greece","From 6 to 11 years","Total","Median equivalised net income","Euro","6,667",""
"2015","Greece","From 11 to 15 years","Total","Median equivalised net income","Euro",":",""
"2015","Greece","From 12 to 17 years","Total","Median equivalised net income","Euro","6,363",""
"2015","Greece","Less than 16 years","Total","Median equivalised net income","Euro","6,769",""
"2015","Greece","From 16 to 24 years","Total","Median equivalised net income","Euro","6,412",""
"2015","Greece","From 16 to 64 years","Total","Median equivalised net income","Euro","7,600",""
"2015","Greece","16 years or over","Total","Median equivalised net income","Euro","7,633",""
"2015","Greece","Less than 18 years","Total","Median equivalised net income","Euro","6,703",""
"2015","Greece","From 18 to 24 years","Total","Median equivalised net income","Euro","6,408",""
"2015","Greece","From 18 to 64 years","Total","Median equivalised net income","Euro","7,632",""
"2015","Greece","18 years or over","Total","Median equivalised net income","Euro","7,650",""
"2015","Greece","From 25 to 49 years","Total","Median equivalised net income","Euro","7,622",""
"2015","Greece","From 25 to 54 years","Total","Median equivalised net income","Euro","7,630",""
"2015","Greece","From 50 to 64 years","Total","Median equivalised net income","Euro","8,000",""
"2015","Greece","From 55 to 64 years","Total","Median equivalised net income","Euro","8,210",""
"2015","Greece","Less than 60 years","Total","Median equivalised net income","Euro","7,354",""
"2015","Greece","60 years or over","Total","Median equivalised net income","Euro","7,820",""
"2015","Greece","Less than 65 years","Total","Median equivalised net income","Euro","7,423",""
"2015","Greece","From 65 to 74 years","Total","Median equivalised net income","Euro",":",""
"2015","Greece","65 years or over","Total","Median equivalised net income","Euro","7,714",""
"2015","Greece","Less than 75 years","Total","Median equivalised net income","Euro","7,538",""
"2015","Greece","75 years or over","Total","Median equivalised net income","Euro","7,367",""
"2015","Spain","Total","Total","Median equivalised net income","Euro","13,352",""
"2015","Spain","Less than 6 years","Total","Median equivalised net income","Euro","13,169",""
"2015","Spain","From 6 to 10 years","Total","Median equivalised net income","Euro",":",""
"2015","Spain","From 6 to 11 years","Total","Median equivalised net income","Euro","11,806",""
"2015","Spain","From 11 to 15 years","Total","Median equivalised net income","Euro",":",""
"2015","Spain","From 12 to 17 years","Total","Median equivalised net income","Euro","10,571",""
"2015","Spain","Less than 16 years","Total","Median equivalised net income","Euro","12,068",""
"2015","Spain","From 16 to 24 years","Total","Median equivalised net income","Euro","10,961",""
"2015","Spain","From 16 to 64 years","Total","Median equivalised net income","Euro","13,557",""
"2015","Spain","16 years or over","Total","Median equivalised net income","Euro","13,533",""
"2015","Spain","Less than 18 years","Total","Median equivalised net income","Euro","11,838",""
"2015","Spain","From 18 to 24 years","Total","Median equivalised net income","Euro","11,199",""
"2015","Spain","From 18 to 64 years","Total","Median equivalised net income","Euro","13,638",""
"2015","Spain","18 years or over","Total","Median equivalised net income","Euro","13,609",""
"2015","Spain","From 25 to 49 years","Total","Median equivalised net income","Euro","13,666",""
"2015","Spain","From 25 to 54 years","Total","Median equivalised net income","Euro","13,648",""
"2015","Spain","From 50 to 64 years","Total","Median equivalised net income","Euro","14,544",""
"2015","Spain","From 55 to 64 years","Total","Median equivalised net income","Euro","15,383",""
"2015","Spain","Less than 60 years","Total","Median equivalised net income","Euro","13,136",""
"2015","Spain","60 years or over","Total","Median equivalised net income","Euro","13,839",""
"2015","Spain","Less than 65 years","Total","Median equivalised net income","Euro","13,326",""
"2015","Spain","From 65 to 74 years","Total","Median equivalised net income","Euro",":",""
"2015","Spain","65 years or over","Total","Median equivalised net income","Euro","13,497",""
"2015","Spain","Less than 75 years","Total","Median equivalised net income","Euro","13,432",""
"2015","Spain","75 years or over","Total","Median equivalised net income","Euro","12,484",""
"2015","European Union (28 countries)","Total","Total","Median equivalised net income","Euro","16,153",""
"2015","European Union (28 countries)","Less than 6 years","Total","Median equivalised net income","Euro","15,824",""
"2015","European Union (28 countries)","From 6 to 10 years","Total","Median equivalised net income","Euro",":",""
"2015","European Union (28 countries)","From 6 to 11 years","Total","Median equivalised net income","Euro","15,149",""
"2015","European Union (28 countries)","From 11 to 15 years","Total","Median equivalised net income","Euro",":",""
"2015","European Union (28 countries)","From 12 to 17 years","Total","Median equivalised net income","Euro","14,419",""
"2015","European Union (28 countries)","Less than 16 years","Total","Median equivalised net income","Euro","15,205",""
"2015","European Union (28 countries)","From 16 to 24 years","Total","Median equivalised net income","Euro","14,863",""
"2015","European Union (28 countries)","From 16 to 64 years","Total","Median equivalised net income","Euro","16,755",""
"2015","European Union (28 countries)","16 years or over","Total","Median equivalised net income","Euro","16,360",""
"2015","European Union (28 countries)","Less than 18 years","Total","Median equivalised net income","Euro","15,138",""
"2015","European Union (28 countries)","From 18 to 24 years","Total","Median equivalised net income","Euro","14,923",""
"2015","European Union (28 countries)","From 18 to 64 years","Total","Median equivalised net income","Euro","16,852",""
"2015","European Union (28 countries)","18 years or over","Total","Median equivalised net income","Euro","16,411",""
"2015","European Union (28 countries)","From 25 to 49 years","Total","Median equivalised net income","Euro","16,793",""
"2015","European Union (28 countries)","From 25 to 54 years","Total","Median equivalised net income","Euro","17,054",""
"2015","European Union (28 countries)","From 50 to 64 years","Total","Median equivalised net income","Euro","17,826",""
"2015","European Union (28 countries)","From 55 to 64 years","Total","Median equivalised net income","Euro","17,444",""
"2015","European Union (28 countries)","Less than 60 years","Total","Median equivalised net income","Euro","16,353",""
"2015","European Union (28 countries)","60 years or over","Total","Median equivalised net income","Euro","15,638",""
"2015","European Union (28 countries)","Less than 65 years","Total","Median equivalised net income","Euro","16,388",""
"2015","European Union (28 countries)","From 65 to 74 years","Total","Median equivalised net income","Euro",":",""
"2015","European Union (28 countries)","65 years or over","Total","Median equivalised net income","Euro","15,405",""
"2015","European Union (28 countries)","Less than 75 years","Total","Median equivalised net income","Euro","16,342",""
"2015","European Union (28 countries)","75 years or over","Total","Median equivalised net income","Euro","14,645",""
"2015","Finland","Total","Total","Median equivalised net income","Euro","23,763",""
"2015","Finland","Less than 6 years","Total","Median equivalised net income","Euro","23,587",""
"2015","Finland","From 6 to 10 years","Total","Median equivalised net income","Euro",":",""
"2015","Finland","From 6 to 11 years","Total","Median equivalised net income","Euro","24,140",""
"2015","Finland","From 11 to 15 years","Total","Median equivalised net income","Euro",":",""
"2015","Finland","From 12 to 17 years","Total","Median equivalised net income","Euro","22,950",""
"2015","Finland","Less than 16 years","Total","Median equivalised net income","Euro","23,690",""
"2015","Finland","From 16 to 24 years","Total","Median equivalised net income","Euro","20,078",""
"2015","Finland","From 16 to 64 years","Total","Median equivalised net income","Euro","25,253",""
"2015","Finland","16 years or over","Total","Median equivalised net income","Euro","23,775",""
"2015","Finland","Less than 18 years","Total","Median equivalised net income","Euro","23,424",""
"2015","Finland","From 18 to 24 years","Total","Median equivalised net income","Euro","19,280",""
"2015","Finland","From 18 to 64 years","Total","Median equivalised net income","Euro","25,367",""
"2015","Finland","18 years or over","Total","Median equivalised net income","Euro","23,818",""
"2015","Finland","From 25 to 49 years","Total","Median equivalised net income","Euro","25,800",""
"2015","Finland","From 25 to 54 years","Total","Median equivalised net income","Euro","26,177",""
"2015","Finland","From 50 to 64 years","Total","Median equivalised net income","Euro","27,241",""
"2015","Finland","From 55 to 64 years","Total","Median equivalised net income","Euro","26,789",""
"2015","Finland","Less than 60 years","Total","Median equivalised net income","Euro","24,675",""
"2015","Finland","60 years or over","Total","Median equivalised net income","Euro","21,189",""
"2015","Finland","Less than 65 years","Total","Median equivalised net income","Euro","24,734",""
"2015","Finland","From 65 to 74 years","Total","Median equivalised net income","Euro",":",""
"2015","Finland","65 years or over","Total","Median equivalised net income","Euro","20,063",""
"2015","Finland","Less than 75 years","Total","Median equivalised net income","Euro","24,368",""
"2015","Finland","75 years or over","Total","Median equivalised net income","Euro","18,013",""
"2015","France","Total","Total","Median equivalised net income","Euro","21,415",""
"2015","France","Less than 6 years","Total","Median equivalised net income","Euro","20,528",""
"2015","France","From 6 to 10 years","Total","Median equivalised net income","Euro",":",""
"2015","France","From 6 to 11 years","Total","Median equivalised net income","Euro","19,806",""
"2015","France","From 11 to 15 years","Total","Median equivalised net income","Euro",":",""
"2015","France","From 12 to 17 years","Total","Median equivalised net income","Euro","18,650",""
"2015","France","Less than 16 years","Total","Median equivalised net income","Euro","19,842",""
"2015","France","From 16 to 24 years","Total","Median equivalised net income","Euro","19,203",""
"2015","France","From 16 to 64 years","Total","Median equivalised net income","Euro","21,707",""
"2015","France","16 years or over","Total","Median equivalised net income","Euro","21,804",""
"2015","France","Less than 18 years","Total","Median equivalised net income","Euro","19,715",""
"2015","France","From 18 to 24 years","Total","Median equivalised net income","Euro","19,359",""
"2015","France","From 18 to 64 years","Total","Median equivalised net income","Euro","21,833",""
"2015","France","18 years or over","Total","Median equivalised net income","Euro","21,886",""
"2015","France","From 25 to 49 years","Total","Median equivalised net income","Euro","21,782",""
"2015","France","From 25 to 54 years","Total","Median equivalised net income","Euro","21,898",""
"2015","France","From 50 to 64 years","Total","Median equivalised net income","Euro","23,331",""
"2015","France","From 55 to 64 years","Total","Median equivalised net income","Euro","23,386",""
"2015","France","Less than 60 years","Total","Median equivalised net income","Euro","21,128",""
"2015","France","60 years or over","Total","Median equivalised net income","Euro","22,222",""
"2015","France","Less than 65 years","Total","Median equivalised net income","Euro","21,239",""
"2015","France","From 65 to 74 years","Total","Median equivalised net income","Euro",":",""
"2015","France","65 years or over","Total","Median equivalised net income","Euro","22,060",""
"2015","France","Less than 75 years","Total","Median equivalised net income","Euro","21,477",""
"2015","France","75 years or over","Total","Median equivalised net income","Euro","20,478",""
"2015","Croatia","Total","Total","Median equivalised net income","Euro","5,453",""
"2015","Croatia","Less than 6 years","Total","Median equivalised net income","Euro","5,610",""
"2015","Croatia","From 6 to 10 years","Total","Median equivalised net income","Euro",":",""
"2015","Croatia","From 6 to 11 years","Total","Median equivalised net income","Euro","4,869",""
"2015","Croatia","From 11 to 15 years","Total","Median equivalised net income","Euro",":",""
"2015","Croatia","From 12 to 17 years","Total","Median equivalised net income","Euro","4,800",""
"2015","Croatia","Less than 16 years","Total","Median equivalised net income","Euro","5,081",""
"2015","Croatia","From 16 to 24 years","Total","Median equivalised net income","Euro","5,330",""
"2015","Croatia","From 16 to 64 years","Total","Median equivalised net income","Euro","5,733",""
"2015","Croatia","16 years or over","Total","Median equivalised net income","Euro","5,501",""
"2015","Croatia","Less than 18 years","Total","Median equivalised net income","Euro","5,033",""
"2015","Croatia","From 18 to 24 years","Total","Median equivalised net income","Euro","5,501",""
"2015","Croatia","From 18 to 64 years","Total","Median equivalised net income","Euro","5,782",""
"2015","Croatia","18 years or over","Total","Median equivalised net income","Euro","5,523",""
"2015","Croatia","From 25 to 49 years","Total","Median equivalised net income","Euro","5,921",""
"2015","Croatia","From 25 to 54 years","Total","Median equivalised net income","Euro","5,921",""
"2015","Croatia","From 50 to 64 years","Total","Median equivalised net income","Euro","5,705",""
"2015","Croatia","From 55 to 64 years","Total","Median equivalised net income","Euro","5,543",""
"2015","Croatia","Less than 60 years","Total","Median equivalised net income","Euro","5,641",""
"2015","Croatia","60 years or over","Total","Median equivalised net income","Euro","4,925",""
"2015","Croatia","Less than 65 years","Total","Median equivalised net income","Euro","5,623",""
"2015","Croatia","From 65 to 74 years","Total","Median equivalised net income","Euro",":",""
"2015","Croatia","65 years or over","Total","Median equivalised net income","Euro","4,768",""
"2015","Croatia","Less than 75 years","Total","Median equivalised net income","Euro","5,531",""
"2015","Croatia","75 years or over","Total","Median equivalised net income","Euro","4,572",""
"2015","Hungary","Total","Total","Median equivalised net income","Euro","4,556",""
"2015","Hungary","Less than 6 years","Total","Median equivalised net income","Euro","4,450",""
"2015","Hungary","From 6 to 10 years","Total","Median equivalised net income","Euro",":",""
"2015","Hungary","From 6 to 11 years","Total","Median equivalised net income","Euro","4,192",""
"2015","Hungary","From 11 to 15 years","Total","Median equivalised net income","Euro",":",""
"2015","Hungary","From 12 to 17 years","Total","Median equivalised net income","Euro","3,853",""
"2015","Hungary","Less than 16 years","Total","Median equivalised net income","Euro","4,192",""
"2015","Hungary","From 16 to 24 years","Total","Median equivalised net income","Euro","4,038",""
"2015","Hungary","From 16 to 64 years","Total","Median equivalised net income","Euro","4,638",""
"2015","Hungary","16 years or over","Total","Median equivalised net income","Euro","4,632",""
"2015","Hungary","Less than 18 years","Total","Median equivalised net income","Euro","4,163",""
"2015","Hungary","From 18 to 24 years","Total","Median equivalised net income","Euro","4,102",""
"2015","Hungary","From 18 to 64 years","Total","Median equivalised net income","Euro","4,657",""
"2015","Hungary","18 years or over","Total","Median equivalised net income","Euro","4,651",""
"2015","Hungary","From 25 to 49 years","Total","Median equivalised net income","Euro","4,799",""
"2015","Hungary","From 25 to 54 years","Total","Median equivalised net income","Euro","4,770",""
"2015","Hungary","From 50 to 64 years","Total","Median equivalised net income","Euro","4,759",""
"2015","Hungary","From 55 to 64 years","Total","Median equivalised net income","Euro","4,815",""
"2015","Hungary","Less than 60 years","Total","Median equivalised net income","Euro","4,524",""
"2015","Hungary","60 years or over","Total","Median equivalised net income","Euro","4,665",""
"2015","Hungary","Less than 65 years","Total","Median equivalised net income","Euro","4,549",""
"2015","Hungary","From 65 to 74 years","Total","Median equivalised net income","Euro",":",""
"2015","Hungary","65 years or over","Total","Median equivalised net income","Euro","4,614",""
"2015","Hungary","Less than 75 years","Total","Median equivalised net income","Euro","4,555",""
"2015","Hungary","75 years or over","Total","Median equivalised net income","Euro","4,576",""
"2015","Ireland","Total","Total","Median equivalised net income","Euro","21,688",""
"2015","Ireland","Less than 6 years","Total","Median equivalised net income","Euro","22,454",""
"2015","Ireland","From 6 to 10 years","Total","Median equivalised net income","Euro",":",""
"2015","Ireland","From 6 to 11 years","Total","Median equivalised net income","Euro","20,958",""
"2015","Ireland","From 11 to 15 years","Total","Median equivalised net income","Euro",":",""
"2015","Ireland","From 12 to 17 years","Total","Median equivalised net income","Euro","17,628",""
"2015","Ireland","Less than 16 years","Total","Median equivalised net income","Euro","20,430",""
"2015","Ireland","From 16 to 24 years","Total","Median equivalised net income","Euro","18,279",""
"2015","Ireland","From 16 to 64 years","Total","Median equivalised net income","Euro","22,568",""
"2015","Ireland","16 years or over","Total","Median equivalised net income","Euro","22,031",""
"2015","Ireland","Less than 18 years","Total","Median equivalised net income","Euro","19,996",""
"2015","Ireland","From 18 to 24 years","Total","Median equivalised net income","Euro","19,028",""
"2015","Ireland","From 18 to 64 years","Total","Median equivalised net income","Euro","22,845",""
"2015","Ireland","18 years or over","Total","Median equivalised net income","Euro","22,370",""
"2015","Ireland","From 25 to 49 years","Total","Median equivalised net income","Euro","23,641",""
"2015","Ireland","From 25 to 54 years","Total","Median equivalised net income","Euro","23,340",""
"2015","Ireland","From 50 to 64 years","Total","Median equivalised net income","Euro","22,656",""
"2015","Ireland","From 55 to 64 years","Total","Median equivalised net income","Euro","23,062",""
"2015","Ireland","Less than 60 years","Total","Median equivalised net income","Euro","22,058",""
"2015","Ireland","60 years or over","Total","Median equivalised net income","Euro","20,188",""
"2015","Ireland","Less than 65 years","Total","Median equivalised net income","Euro","22,031",""
"2015","Ireland","From 65 to 74 years","Total","Median equivalised net income","Euro",":",""
"2015","Ireland","65 years or over","Total","Median equivalised net income","Euro","19,275",""
"2015","Ireland","Less than 75 years","Total","Median equivalised net income","Euro","21,896",""
"2015","Ireland","75 years or over","Total","Median equivalised net income","Euro","18,022",""
"2015","Iceland","Total","Total","Median equivalised net income","Euro","23,696",""
"2015","Iceland","Less than 6 years","Total","Median equivalised net income","Euro","21,603",""
"2015","Iceland","From 6 to 10 years","Total","Median equivalised net income","Euro",":",""
"2015","Iceland","From 6 to 11 years","Total","Median equivalised net income","Euro","22,285",""
"2015","Iceland","From 11 to 15 years","Total","Median equivalised net income","Euro",":",""
"2015","Iceland","From 12 to 17 years","Total","Median equivalised net income","Euro","23,163",""
"2015","Iceland","Less than 16 years","Total","Median equivalised net income","Euro","22,068",""
"2015","Iceland","From 16 to 24 years","Total","Median equivalised net income","Euro","24,312",""
"2015","Iceland","From 16 to 64 years","Total","Median equivalised net income","Euro","25,228",""
"2015","Iceland","16 years or over","Total","Median equivalised net income","Euro","24,495",""
"2015","Iceland","Less than 18 years","Total","Median equivalised net income","Euro","22,244",""
"2015","Iceland","From 18 to 24 years","Total","Median equivalised net income","Euro","24,405",""
"2015","Iceland","From 18 to 64 years","Total","Median equivalised net income","Euro","25,342",""
"2015","Iceland","18 years or over","Total","Median equivalised net income","Euro","24,532",""
"2015","Iceland","From 25 to 49 years","Total","Median equivalised net income","Euro","23,696",""
"2015","Iceland","From 25 to 54 years","Total","Median equivalised net income","Euro","24,609",""
"2015","Iceland","From 50 to 64 years","Total","Median equivalised net income","Euro","28,434",""
"2015","Iceland","From 55 to 64 years","Total","Median equivalised net income","Euro","28,738",""
"2015","Iceland","Less than 60 years","Total","Median equivalised net income","Euro","23,795",""
"2015","Iceland","60 years or over","Total","Median equivalised net income","Euro","23,151",""
"2015","Iceland","Less than 65 years","Total","Median equivalised net income","Euro","24,190",""
"2015","Iceland","From 65 to 74 years","Total","Median equivalised net income","Euro",":",""
"2015","Iceland","65 years or over","Total","Median equivalised net income","Euro","21,297",""
"2015","Iceland","Less than 75 years","Total","Median equivalised net income","Euro","24,185",""
"2015","Iceland","75 years or over","Total","Median equivalised net income","Euro","18,967",""
"2015","Italy","Total","Total","Median equivalised net income","Euro","15,846",""
"2015","Italy","Less than 6 years","Total","Median equivalised net income","Euro","15,273",""
"2015","Italy","From 6 to 10 years","Total","Median equivalised net income","Euro",":",""
"2015","Italy","From 6 to 11 years","Total","Median equivalised net income","Euro","13,932",""
"2015","Italy","From 11 to 15 years","Total","Median equivalised net income","Euro",":",""
"2015","Italy","From 12 to 17 years","Total","Median equivalised net income","Euro","13,108",""
"2015","Italy","Less than 16 years","Total","Median equivalised net income","Euro","14,161",""
"2015","Italy","From 16 to 24 years","Total","Median equivalised net income","Euro","14,117",""
"2015","Italy","From 16 to 64 years","Total","Median equivalised net income","Euro","16,346",""
"2015","Italy","16 years or over","Total","Median equivalised net income","Euro","16,131",""
"2015","Italy","Less than 18 years","Total","Median equivalised net income","Euro","14,102",""
"2015","Italy","From 18 to 24 years","Total","Median equivalised net income","Euro","14,290",""
"2015","Italy","From 18 to 64 years","Total","Median equivalised net income","Euro","16,434",""
"2015","Italy","18 years or over","Total","Median equivalised net income","Euro","16,221",""
"2015","Italy","From 25 to 49 years","Total","Median equivalised net income","Euro","16,108",""
"2015","Italy","From 25 to 54 years","Total","Median equivalised net income","Euro","16,349",""
"2015","Italy","From 50 to 64 years","Total","Median equivalised net income","Euro","17,781",""
"2015","Italy","From 55 to 64 years","Total","Median equivalised net income","Euro","18,017",""
"2015","Italy","Less than 60 years","Total","Median equivalised net income","Euro","15,750",""
"2015","Italy","60 years or over","Total","Median equivalised net income","Euro","16,110",""
"2015","Italy","Less than 65 years","Total","Median equivalised net income","Euro","15,875",""
"2015","Italy","From 65 to 74 years","Total","Median equivalised net income","Euro",":",""
"2015","Italy","65 years or over","Total","Median equivalised net income","Euro","15,738",""
"2015","Italy","Less than 75 years","Total","Median equivalised net income","Euro","16,006",""
"2015","Italy","75 years or over","Total","Median equivalised net income","Euro","14,982",""
"2015","Lithuania","Total","Total","Median equivalised net income","Euro","5,180",""
"2015","Lithuania","Less than 6 years","Total","Median equivalised net income","Euro","5,525",""
"2015","Lithuania","From 6 to 10 years","Total","Median equivalised net income","Euro",":",""
"2015","Lithuania","From 6 to 11 years","Total","Median equivalised net income","Euro","4,796",""
"2015","Lithuania","From 11 to 15 years","Total","Median equivalised net income","Euro",":",""
"2015","Lithuania","From 12 to 17 years","Total","Median equivalised net income","Euro","4,302",""
"2015","Lithuania","Less than 16 years","Total","Median equivalised net income","Euro","4,811",""
"2015","Lithuania","From 16 to 24 years","Total","Median equivalised net income","Euro","5,124",""
"2015","Lithuania","From 16 to 64 years","Total","Median equivalised net income","Euro","5,704",""
"2015","Lithuania","16 years or over","Total","Median equivalised net income","Euro","5,221",""
"2015","Lithuania","Less than 18 years","Total","Median equivalised net income","Euro","4,775",""
"2015","Lithuania","From 18 to 24 years","Total","Median equivalised net income","Euro","5,408",""
"2015","Lithuania","From 18 to 64 years","Total","Median equivalised net income","Euro","5,806",""
"2015","Lithuania","18 years or over","Total","Median equivalised net income","Euro","5,242",""
"2015","Lithuania","From 25 to 49 years","Total","Median equivalised net income","Euro","6,008",""
"2015","Lithuania","From 25 to 54 years","Total","Median equivalised net income","Euro","6,076",""
"2015","Lithuania","From 50 to 64 years","Total","Median equivalised net income","Euro","5,833",""
"2015","Lithuania","From 55 to 64 years","Total","Median equivalised net income","Euro","5,546",""
"2015","Lithuania","Less than 60 years","Total","Median equivalised net income","Euro","5,555",""
"2015","Lithuania","60 years or over","Total","Median equivalised net income","Euro","4,241",""
"2015","Lithuania","Less than 65 years","Total","Median equivalised net income","Euro","5,547",""
"2015","Lithuania","From 65 to 74 years","Total","Median equivalised net income","Euro",":",""
"2015","Lithuania","65 years or over","Total","Median equivalised net income","Euro","4,045",""
"2015","Lithuania","Less than 75 years","Total","Median equivalised net income","Euro","5,388",""
"2015","Lithuania","75 years or over","Total","Median equivalised net income","Euro","3,864",""
"2015","Luxembourg","Total","Total","Median equivalised net income","Euro","35,270",""
"2015","Luxembourg","Less than 6 years","Total","Median equivalised net income","Euro","32,867",""
"2015","Luxembourg","From 6 to 10 years","Total","Median equivalised net income","Euro",":",""
"2015","Luxembourg","From 6 to 11 years","Total","Median equivalised net income","Euro","31,652",""
"2015","Luxembourg","From 11 to 15 years","Total","Median equivalised net income","Euro",":",""
"2015","Luxembourg","From 12 to 17 years","Total","Median equivalised net income","Euro","30,482",""
"2015","Luxembourg","Less than 16 years","Total","Median equivalised net income","Euro","32,184",""
"2015","Luxembourg","From 16 to 24 years","Total","Median equivalised net income","Euro","30,268",""
"2015","Luxembourg","From 16 to 64 years","Total","Median equivalised net income","Euro","35,789",""
"2015","Luxembourg","16 years or over","Total","Median equivalised net income","Euro","35,989",""
"2015","Luxembourg","Less than 18 years","Total","Median equivalised net income","Euro","31,652",""
"2015","Luxembourg","From 18 to 24 years","Total","Median equivalised net income","Euro","30,471",""
"2015","Luxembourg","From 18 to 64 years","Total","Median equivalised net income","Euro","35,882",""
"2015","Luxembourg","18 years or over","Total","Median equivalised net income","Euro","36,155",""
"2015","Luxembourg","From 25 to 49 years","Total","Median equivalised net income","Euro","35,734",""
"2015","Luxembourg","From 25 to 54 years","Total","Median equivalised net income","Euro","35,829",""
"2015","Luxembourg","From 50 to 64 years","Total","Median equivalised net income","Euro","37,812",""
"2015","Luxembourg","From 55 to 64 years","Total","Median equivalised net income","Euro","38,851",""
"2015","Luxembourg","Less than 60 years","Total","Median equivalised net income","Euro","34,189",""
"2015","Luxembourg","60 years or over","Total","Median equivalised net income","Euro","37,613",""
"2015","Luxembourg","Less than 65 years","Total","Median equivalised net income","Euro","34,664",""
"2015","Luxembourg","From 65 to 74 years","Total","Median equivalised net income","Euro",":",""
"2015","Luxembourg","65 years or over","Total","Median equivalised net income","Euro","37,525",""
"2015","Luxembourg","Less than 75 years","Total","Median equivalised net income","Euro","35,228",""
"2015","Luxembourg","75 years or over","Total","Median equivalised net income","Euro","36,216",""
"2015","Latvia","Total","Total","Median equivalised net income","Euro","5,828",""
"2015","Latvia","Less than 6 years","Total","Median equivalised net income","Euro","6,445",""
"2015","Latvia","From 6 to 10 years","Total","Median equivalised net income","Euro",":",""
"2015","Latvia","From 6 to 11 years","Total","Median equivalised net income","Euro","5,908",""
"2015","Latvia","From 11 to 15 years","Total","Median equivalised net income","Euro",":",""
"2015","Latvia","From 12 to 17 years","Total","Median equivalised net income","Euro","5,191",""
"2015","Latvia","Less than 16 years","Total","Median equivalised net income","Euro","5,996",""
"2015","Latvia","From 16 to 24 years","Total","Median equivalised net income","Euro","5,765",""
"2015","Latvia","From 16 to 64 years","Total","Median equivalised net income","Euro","6,380",""
"2015","Latvia","16 years or over","Total","Median equivalised net income","Euro","5,793",""
"2015","Latvia","Less than 18 years","Total","Median equivalised net income","Euro","5,876",""
"2015","Latvia","From 18 to 24 years","Total","Median equivalised net income","Euro","5,881",""
"2015","Latvia","From 18 to 64 years","Total","Median equivalised net income","Euro","6,450",""
"2015","Latvia","18 years or over","Total","Median equivalised net income","Euro","5,823",""
"2015","Latvia","From 25 to 49 years","Total","Median equivalised net income","Euro","6,772",""
"2015","Latvia","From 25 to 54 years","Total","Median equivalised net income","Euro","6,667",""
"2015","Latvia","From 50 to 64 years","Total","Median equivalised net income","Euro","6,074",""
"2015","Latvia","From 55 to 64 years","Total","Median equivalised net income","Euro","5,927",""
"2015","Latvia","Less than 60 years","Total","Median equivalised net income","Euro","6,374",""
"2015","Latvia","60 years or over","Total","Median equivalised net income","Euro","4,339",""
"2015","Latvia","Less than 65 years","Total","Median equivalised net income","Euro","6,304",""
"2015","Latvia","From 65 to 74 years","Total","Median equivalised net income","Euro",":",""
"2015","Latvia","65 years or over","Total","Median equivalised net income","Euro","4,119",""
"2015","Latvia","Less than 75 years","Total","Median equivalised net income","Euro","6,054",""
"2015","Latvia","75 years or over","Total","Median equivalised net income","Euro","3,835",""
"2015","Malta","Total","Total","Median equivalised net income","Euro","13,493",""
"2015","Malta","Less than 6 years","Total","Median equivalised net income","Euro","13,921",""
"2015","Malta","From 6 to 10 years","Total","Median equivalised net income","Euro",":",""
"2015","Malta","From 6 to 11 years","Total","Median equivalised net income","Euro","12,241",""
"2015","Malta","From 11 to 15 years","Total","Median equivalised net income","Euro",":",""
"2015","Malta","From 12 to 17 years","Total","Median equivalised net income","Euro","11,496",""
"2015","Malta","Less than 16 years","Total","Median equivalised net income","Euro","12,522",""
"2015","Malta","From 16 to 24 years","Total","Median equivalised net income","Euro","13,922",""
"2015","Malta","From 16 to 64 years","Total","Median equivalised net income","Euro","14,506",""
"2015","Malta","16 years or over","Total","Median equivalised net income","Euro","13,711",""
"2015","Malta","Less than 18 years","Total","Median equivalised net income","Euro","12,327",""
"2015","Malta","From 18 to 24 years","Total","Median equivalised net income","Euro","14,416",""
"2015","Malta","From 18 to 64 years","Total","Median equivalised net income","Euro","14,659",""
"2015","Malta","18 years or over","Total","Median equivalised net income","Euro","13,814",""
"2015","Malta","From 25 to 49 years","Total","Median equivalised net income","Euro","14,880",""
"2015","Malta","From 25 to 54 years","Total","Median equivalised net income","Euro","14,924",""
"2015","Malta","From 50 to 64 years","Total","Median equivalised net income","Euro","14,358",""
"2015","Malta","From 55 to 64 years","Total","Median equivalised net income","Euro","13,903",""
"2015","Malta","Less than 60 years","Total","Median equivalised net income","Euro","14,328",""
"2015","Malta","60 years or over","Total","Median equivalised net income","Euro","11,071",""
"2015","Malta","Less than 65 years","Total","Median equivalised net income","Euro","14,206",""
"2015","Malta","From 65 to 74 years","Total","Median equivalised net income","Euro",":",""
"2015","Malta","65 years or over","Total","Median equivalised net income","Euro","10,715",""
"2015","Malta","Less than 75 years","Total","Median equivalised net income","Euro","13,866",""
"2015","Malta","75 years or over","Total","Median equivalised net income","Euro","10,273",""
"2015","Netherlands","Total","Total","Median equivalised net income","Euro","21,292",""
"2015","Netherlands","Less than 6 years","Total","Median equivalised net income","Euro","21,988",""
"2015","Netherlands","From 6 to 10 years","Total","Median equivalised net income","Euro",":",""
"2015","Netherlands","From 6 to 11 years","Total","Median equivalised net income","Euro","20,771",""
"2015","Netherlands","From 11 to 15 years","Total","Median equivalised net income","Euro",":",""
"2015","Netherlands","From 12 to 17 years","Total","Median equivalised net income","Euro","19,687",""
"2015","Netherlands","Less than 16 years","Total","Median equivalised net income","Euro","21,028",""
"2015","Netherlands","From 16 to 24 years","Total","Median equivalised net income","Euro","19,110",""
"2015","Netherlands","From 16 to 64 years","Total","Median equivalised net income","Euro","22,071",""
"2015","Netherlands","16 years or over","Total","Median equivalised net income","Euro","21,383",""
"2015","Netherlands","Less than 18 years","Total","Median equivalised net income","Euro","20,853",""
"2015","Netherlands","From 18 to 24 years","Total","Median equivalised net income","Euro","19,212",""
"2015","Netherlands","From 18 to 64 years","Total","Median equivalised net income","Euro","22,174",""
"2015","Netherlands","18 years or over","Total","Median equivalised net income","Euro","21,463",""
"2015","Netherlands","From 25 to 49 years","Total","Median equivalised net income","Euro","22,611",""
"2015","Netherlands","From 25 to 54 years","Total","Median equivalised net income","Euro","22,539",""
"2015","Netherlands","From 50 to 64 years","Total","Median equivalised net income","Euro","22,898",""
"2015","Netherlands","From 55 to 64 years","Total","Median equivalised net income","Euro","23,315",""
"2015","Netherlands","Less than 60 years","Total","Median equivalised net income","Euro","21,744",""
"2015","Netherlands","60 years or over","Total","Median equivalised net income","Euro","19,944",""
"2015","Netherlands","Less than 65 years","Total","Median equivalised net income","Euro","21,810",""
"2015","Netherlands","From 65 to 74 years","Total","Median equivalised net income","Euro",":",""
"2015","Netherlands","65 years or over","Total","Median equivalised net income","Euro","19,330",""
"2015","Netherlands","Less than 75 years","Total","Median equivalised net income","Euro","21,615",""
"2015","Netherlands","75 years or over","Total","Median equivalised net income","Euro","17,940",""
"2015","Norway","Total","Total","Median equivalised net income","Euro","41,483",""
"2015","Norway","Less than 6 years","Total","Median equivalised net income","Euro","40,051",""
"2015","Norway","From 6 to 10 years","Total","Median equivalised net income","Euro",":",""
"2015","Norway","From 6 to 11 years","Total","Median equivalised net income","Euro","40,229",""
"2015","Norway","From 11 to 15 years","Total","Median equivalised net income","Euro",":",""
"2015","Norway","From 12 to 17 years","Total","Median equivalised net income","Euro","38,245",""
"2015","Norway","Less than 16 years","Total","Median equivalised net income","Euro","39,764",""
"2015","Norway","From 16 to 24 years","Total","Median equivalised net income","Euro","33,602",""
"2015","Norway","From 16 to 64 years","Total","Median equivalised net income","Euro","43,081",""
"2015","Norway","16 years or over","Total","Median equivalised net income","Euro","42,181",""
"2015","Norway","Less than 18 years","Total","Median equivalised net income","Euro","39,652",""
"2015","Norway","From 18 to 24 years","Total","Median equivalised net income","Euro","31,328",""
"2015","Norway","From 18 to 64 years","Total","Median equivalised net income","Euro","43,290",""
"2015","Norway","18 years or over","Total","Median equivalised net income","Euro","42,317",""
"2015","Norway","From 25 to 49 years","Total","Median equivalised net income","Euro","42,502",""
"2015","Norway","From 25 to 54 years","Total","Median equivalised net income","Euro","43,283",""
"2015","Norway","From 50 to 64 years","Total","Median equivalised net income","Euro","48,932",""
"2015","Norway","From 55 to 64 years","Total","Median equivalised net income","Euro","49,907",""
"2015","Norway","Less than 60 years","Total","Median equivalised net income","Euro","41,528",""
"2015","Norway","60 years or over","Total","Median equivalised net income","Euro","41,410",""
"2015","Norway","Less than 65 years","Total","Median equivalised net income","Euro","42,221",""
"2015","Norway","From 65 to 74 years","Total","Median equivalised net income","Euro",":",""
"2015","Norway","65 years or over","Total","Median equivalised net income","Euro","38,860",""
"2015","Norway","Less than 75 years","Total","Median equivalised net income","Euro","42,328",""
"2015","Norway","75 years or over","Total","Median equivalised net income","Euro","32,973",""
"2015","Poland","Total","Total","Median equivalised net income","Euro","5,556",""
"2015","Poland","Less than 6 years","Total","Median equivalised net income","Euro","5,446",""
"2015","Poland","From 6 to 10 years","Total","Median equivalised net income","Euro",":",""
"2015","Poland","From 6 to 11 years","Total","Median equivalised net income","Euro","5,296",""
"2015","Poland","From 11 to 15 years","Total","Median equivalised net income","Euro",":",""
"2015","Poland","From 12 to 17 years","Total","Median equivalised net income","Euro","4,598",""
"2015","Poland","Less than 16 years","Total","Median equivalised net income","Euro","5,246",""
"2015","Poland","From 16 to 24 years","Total","Median equivalised net income","Euro","4,981",""
"2015","Poland","From 16 to 64 years","Total","Median equivalised net income","Euro","5,662",""
"2015","Poland","16 years or over","Total","Median equivalised net income","Euro","5,619",""
"2015","Poland","Less than 18 years","Total","Median equivalised net income","Euro","5,164",""
"2015","Poland","From 18 to 24 years","Total","Median equivalised net income","Euro","5,177",""
"2015","Poland","From 18 to 64 years","Total","Median equivalised net income","Euro","5,703",""
"2015","Poland","18 years or over","Total","Median equivalised net income","Euro","5,646",""
"2015","Poland","From 25 to 49 years","Total","Median equivalised net income","Euro","5,825",""
"2015","Poland","From 25 to 54 years","Total","Median equivalised net income","Euro","5,797",""
"2015","Poland","From 50 to 64 years","Total","Median equivalised net income","Euro","5,711",""
"2015","Poland","From 55 to 64 years","Total","Median equivalised net income","Euro","5,717",""
"2015","Poland","Less than 60 years","Total","Median equivalised net income","Euro","5,560",""
"2015","Poland","60 years or over","Total","Median equivalised net income","Euro","5,546",""
"2015","Poland","Less than 65 years","Total","Median equivalised net income","Euro","5,568",""
"2015","Poland","From 65 to 74 years","Total","Median equivalised net income","Euro",":",""
"2015","Poland","65 years or over","Total","Median equivalised net income","Euro","5,497",""
"2015","Poland","Less than 75 years","Total","Median equivalised net income","Euro","5,562",""
"2015","Poland","75 years or over","Total","Median equivalised net income","Euro","5,484",""
"2015","Portugal","Total","Total","Median equivalised net income","Euro","8,435",""
"2015","Portugal","Less than 6 years","Total","Median equivalised net income","Euro","8,559",""
"2015","Portugal","From 6 to 10 years","Total","Median equivalised net income","Euro",":",""
"2015","Portugal","From 6 to 11 years","Total","Median equivalised net income","Euro","8,434",""
"2015","Portugal","From 11 to 15 years","Total","Median equivalised net income","Euro",":",""
"2015","Portugal","From 12 to 17 years","Total","Median equivalised net income","Euro","7,291",""
"2015","Portugal","Less than 16 years","Total","Median equivalised net income","Euro","8,136",""
"2015","Portugal","From 16 to 24 years","Total","Median equivalised net income","Euro","7,508",""
"2015","Portugal","From 16 to 64 years","Total","Median equivalised net income","Euro","8,655",""
"2015","Portugal","16 years or over","Total","Median equivalised net income","Euro","8,468",""
"2015","Portugal","Less than 18 years","Total","Median equivalised net income","Euro","8,027",""
"2015","Portugal","From 18 to 24 years","Total","Median equivalised net income","Euro","7,637",""
"2015","Portugal","From 18 to 64 years","Total","Median equivalised net income","Euro","8,700",""
"2015","Portugal","18 years or over","Total","Median equivalised net income","Euro","8,508",""
"2015","Portugal","From 25 to 49 years","Total","Median equivalised net income","Euro","8,975",""
"2015","Portugal","From 25 to 54 years","Total","Median equivalised net income","Euro","8,846",""
"2015","Portugal","From 50 to 64 years","Total","Median equivalised net income","Euro","8,574",""
"2015","Portugal","From 55 to 64 years","Total","Median equivalised net income","Euro","8,858",""
"2015","Portugal","Less than 60 years","Total","Median equivalised net income","Euro","8,567",""
"2015","Portugal","60 years or over","Total","Median equivalised net income","Euro","8,036",""
"2015","Portugal","Less than 65 years","Total","Median equivalised net income","Euro","8,567",""
"2015","Portugal","From 65 to 74 years","Total","Median equivalised net income","Euro",":",""
"2015","Portugal","65 years or over","Total","Median equivalised net income","Euro","7,910",""
"2015","Portugal","Less than 75 years","Total","Median equivalised net income","Euro","8,577",""
"2015","Portugal","75 years or over","Total","Median equivalised net income","Euro","7,226",""
"2015","Romania","Total","Total","Median equivalised net income","Euro","2,315",""
"2015","Romania","Less than 6 years","Total","Median equivalised net income","Euro","1,981",""
"2015","Romania","From 6 to 10 years","Total","Median equivalised net income","Euro",":",""
"2015","Romania","From 6 to 11 years","Total","Median equivalised net income","Euro","2,001",""
"2015","Romania","From 11 to 15 years","Total","Median equivalised net income","Euro",":",""
"2015","Romania","From 12 to 17 years","Total","Median equivalised net income","Euro","1,653",""
"2015","Romania","Less than 16 years","Total","Median equivalised net income","Euro","1,949",""
"2015","Romania","From 16 to 24 years","Total","Median equivalised net income","Euro","1,786",""
"2015","Romania","From 16 to 64 years","Total","Median equivalised net income","Euro","2,410",""
"2015","Romania","16 years or over","Total","Median equivalised net income","Euro","2,387",""
"2015","Romania","Less than 18 years","Total","Median equivalised net income","Euro","1,865",""
"2015","Romania","From 18 to 24 years","Total","Median equivalised net income","Euro","1,860",""
"2015","Romania","From 18 to 64 years","Total","Median equivalised net income","Euro","2,440",""
"2015","Romania","18 years or over","Total","Median equivalised net income","Euro","2,408",""
"2015","Romania","From 25 to 49 years","Total","Median equivalised net income","Euro","2,449",""
"2015","Romania","From 25 to 54 years","Total","Median equivalised net income","Euro","2,455",""
"2015","Romania","From 50 to 64 years","Total","Median equivalised net income","Euro","2,641",""
"2015","Romania","From 55 to 64 years","Total","Median equivalised net income","Euro","2,668",""
"2015","Romania","Less than 60 years","Total","Median equivalised net income","Euro","2,267",""
"2015","Romania","60 years or over","Total","Median equivalised net income","Euro","2,416",""
"2015","Romania","Less than 65 years","Total","Median equivalised net income","Euro","2,315",""
"2015","Romania","From 65 to 74 years","Total","Median equivalised net income","Euro",":",""
"2015","Romania","65 years or over","Total","Median equivalised net income","Euro","2,312",""
"2015","Romania","Less than 75 years","Total","Median equivalised net income","Euro","2,336",""
"2015","Romania","75 years or over","Total","Median equivalised net income","Euro","2,088",""
"2015","Sweden","Total","Total","Median equivalised net income","Euro","26,640",""
"2015","Sweden","Less than 6 years","Total","Median equivalised net income","Euro","25,409",""
"2015","Sweden","From 6 to 10 years","Total","Median equivalised net income","Euro",":",""
"2015","Sweden","From 6 to 11 years","Total","Median equivalised net income","Euro","27,079",""
"2015","Sweden","From 11 to 15 years","Total","Median equivalised net income","Euro",":",""
"2015","Sweden","From 12 to 17 years","Total","Median equivalised net income","Euro","25,060",""
"2015","Sweden","Less than 16 years","Total","Median equivalised net income","Euro","25,979",""
"2015","Sweden","From 16 to 24 years","Total","Median equivalised net income","Euro","22,759",""
"2015","Sweden","From 16 to 64 years","Total","Median equivalised net income","Euro","28,561",""
"2015","Sweden","16 years or over","Total","Median equivalised net income","Euro","26,845",""
"2015","Sweden","Less than 18 years","Total","Median equivalised net income","Euro","25,951",""
"2015","Sweden","From 18 to 24 years","Total","Median equivalised net income","Euro","22,154",""
"2015","Sweden","From 18 to 64 years","Total","Median equivalised net income","Euro","28,640",""
"2015","Sweden","18 years or over","Total","Median equivalised net income","Euro","26,883",""
"2015","Sweden","From 25 to 49 years","Total","Median equivalised net income","Euro","27,849",""
"2015","Sweden","From 25 to 54 years","Total","Median equivalised net income","Euro","28,447",""
"2015","Sweden","From 50 to 64 years","Total","Median equivalised net income","Euro","34,291",""
"2015","Sweden","From 55 to 64 years","Total","Median equivalised net income","Euro","34,882",""
"2015","Sweden","Less than 60 years","Total","Median equivalised net income","Euro","27,493",""
"2015","Sweden","60 years or over","Total","Median equivalised net income","Euro","23,838",""
"2015","Sweden","Less than 65 years","Total","Median equivalised net income","Euro","27,859",""
"2015","Sweden","From 65 to 74 years","Total","Median equivalised net income","Euro",":",""
"2015","Sweden","65 years or over","Total","Median equivalised net income","Euro","21,969",""
"2015","Sweden","Less than 75 years","Total","Median equivalised net income","Euro","27,627",""
"2015","Sweden","75 years or over","Total","Median equivalised net income","Euro","18,793",""
"2015","Slovenia","Total","Total","Median equivalised net income","Euro","12,332",""
"2015","Slovenia","Less than 6 years","Total","Median equivalised net income","Euro","12,493",""
"2015","Slovenia","From 6 to 10 years","Total","Median equivalised net income","Euro",":",""
"2015","Slovenia","From 6 to 11 years","Total","Median equivalised net income","Euro","12,645",""
"2015","Slovenia","From 11 to 15 years","Total","Median equivalised net income","Euro",":",""
"2015","Slovenia","From 12 to 17 years","Total","Median equivalised net income","Euro","11,696",""
"2015","Slovenia","Less than 16 years","Total","Median equivalised net income","Euro","12,419",""
"2015","Slovenia","From 16 to 24 years","Total","Median equivalised net income","Euro","11,959",""
"2015","Slovenia","From 16 to 64 years","Total","Median equivalised net income","Euro","12,564",""
"2015","Slovenia","16 years or over","Total","Median equivalised net income","Euro","12,315",""
"2015","Slovenia","Less than 18 years","Total","Median equivalised net income","Euro","12,304",""
"2015","Slovenia","From 18 to 24 years","Total","Median equivalised net income","Euro","12,042",""
"2015","Slovenia","From 18 to 64 years","Total","Median equivalised net income","Euro","12,587",""
"2015","Slovenia","18 years or over","Total","Median equivalised net income","Euro","12,334",""
"2015","Slovenia","From 25 to 49 years","Total","Median equivalised net income","Euro","12,809",""
"2015","Slovenia","From 25 to 54 years","Total","Median equivalised net income","Euro","12,837",""
"2015","Slovenia","From 50 to 64 years","Total","Median equivalised net income","Euro","12,409",""
"2015","Slovenia","From 55 to 64 years","Total","Median equivalised net income","Euro","12,042",""
"2015","Slovenia","Less than 60 years","Total","Median equivalised net income","Euro","12,593",""
"2015","Slovenia","60 years or over","Total","Median equivalised net income","Euro","11,363",""
"2015","Slovenia","Less than 65 years","Total","Median equivalised net income","Euro","12,529",""
"2015","Slovenia","From 65 to 74 years","Total","Median equivalised net income","Euro",":",""
"2015","Slovenia","65 years or over","Total","Median equivalised net income","Euro","11,289",""
"2015","Slovenia","Less than 75 years","Total","Median equivalised net income","Euro","12,458",""
"2015","Slovenia","75 years or over","Total","Median equivalised net income","Euro","10,893",""
"2015","Slovakia","Total","Total","Median equivalised net income","Euro","6,930",""
"2015","Slovakia","Less than 6 years","Total","Median equivalised net income","Euro","6,310",""
"2015","Slovakia","From 6 to 10 years","Total","Median equivalised net income","Euro",":",""
"2015","Slovakia","From 6 to 11 years","Total","Median equivalised net income","Euro","6,027",""
"2015","Slovakia","From 11 to 15 years","Total","Median equivalised net income","Euro",":",""
"2015","Slovakia","From 12 to 17 years","Total","Median equivalised net income","Euro","5,646",""
"2015","Slovakia","Less than 16 years","Total","Median equivalised net income","Euro","6,012",""
"2015","Slovakia","From 16 to 24 years","Total","Median equivalised net income","Euro","6,638",""
"2015","Slovakia","From 16 to 64 years","Total","Median equivalised net income","Euro","7,268",""
"2015","Slovakia","16 years or over","Total","Median equivalised net income","Euro","7,087",""
"2015","Slovakia","Less than 18 years","Total","Median equivalised net income","Euro","5,972",""
"2015","Slovakia","From 18 to 24 years","Total","Median equivalised net income","Euro","6,895",""
"2015","Slovakia","From 18 to 64 years","Total","Median equivalised net income","Euro","7,328",""
"2015","Slovakia","18 years or over","Total","Median equivalised net income","Euro","7,120",""
"2015","Slovakia","From 25 to 49 years","Total","Median equivalised net income","Euro","7,253",""
"2015","Slovakia","From 25 to 54 years","Total","Median equivalised net income","Euro","7,342",""
"2015","Slovakia","From 50 to 64 years","Total","Median equivalised net income","Euro","7,697",""
"2015","Slovakia","From 55 to 64 years","Total","Median equivalised net income","Euro","7,584",""
"2015","Slovakia","Less than 60 years","Total","Median equivalised net income","Euro","7,024",""
"2015","Slovakia","60 years or over","Total","Median equivalised net income","Euro","6,639",""
"2015","Slovakia","Less than 65 years","Total","Median equivalised net income","Euro","7,039",""
"2015","Slovakia","From 65 to 74 years","Total","Median equivalised net income","Euro",":",""
"2015","Slovakia","65 years or over","Total","Median equivalised net income","Euro","6,421",""
"2015","Slovakia","Less than 75 years","Total","Median equivalised net income","Euro","6,987",""
"2015","Slovakia","75 years or over","Total","Median equivalised net income","Euro","6,047",""
"2015","United Kingdom","Total","Total","Median equivalised net income","Euro","20,945",""
"2015","United Kingdom","Less than 6 years","Total","Median equivalised net income","Euro","17,942",""
"2015","United Kingdom","From 6 to 10 years","Total","Median equivalised net income","Euro",":",""
"2015","United Kingdom","From 6 to 11 years","Total","Median equivalised net income","Euro","18,482",""
"2015","United Kingdom","From 11 to 15 years","Total","Median equivalised net income","Euro",":",""
"2015","United Kingdom","From 12 to 17 years","Total","Median equivalised net income","Euro","18,042",""
"2015","United Kingdom","Less than 16 years","Total","Median equivalised net income","Euro","18,138",""
"2015","United Kingdom","From 16 to 24 years","Total","Median equivalised net income","Euro","19,371",""
"2015","United Kingdom","From 16 to 64 years","Total","Median equivalised net income","Euro","22,707",""
"2015","United Kingdom","16 years or over","Total","Median equivalised net income","Euro","21,685",""
"2015","United Kingdom","Less than 18 years","Total","Median equivalised net income","Euro","18,149",""
"2015","United Kingdom","From 18 to 24 years","Total","Median equivalised net income","Euro","19,627",""
"2015","United Kingdom","From 18 to 64 years","Total","Median equivalised net income","Euro","22,959",""
"2015","United Kingdom","18 years or over","Total","Median equivalised net income","Euro","21,782",""
"2015","United Kingdom","From 25 to 49 years","Total","Median equivalised net income","Euro","23,180",""
"2015","United Kingdom","From 25 to 54 years","Total","Median equivalised net income","Euro","23,598",""
"2015","United Kingdom","From 50 to 64 years","Total","Median equivalised net income","Euro","24,238",""
"2015","United Kingdom","From 55 to 64 years","Total","Median equivalised net income","Euro","23,154",""
"2015","United Kingdom","Less than 60 years","Total","Median equivalised net income","Euro","21,428",""
"2015","United Kingdom","60 years or over","Total","Median equivalised net income","Euro","19,540",""
"2015","United Kingdom","Less than 65 years","Total","Median equivalised net income","Euro","21,506",""
"2015","United Kingdom","From 65 to 74 years","Total","Median equivalised net income","Euro",":",""
"2015","United Kingdom","65 years or over","Total","Median equivalised net income","Euro","19,003",""
"2015","United Kingdom","Less than 75 years","Total","Median equivalised net income","Euro","21,338",""
"2015","United Kingdom","75 years or over","Total","Median equivalised net income","Euro","17,434",""
